2025-03-11,Fizardev,form_templates_table
2025-03-11,Fizardev,add migration form kategori
2025-03-11,Fizardev,Merge branch 'main' of https://github.com/Rumah-Sakit-Livasya/liva_simrs_laravel11
2025-03-11,Fizardev,Merge branch 'main' into rajal
2025-03-11,FrahestaYA,edit bot wa
2025-03-11,FrahestaYA,edit bot wa
2025-03-11,FrahestaYA,edit bot wa
2025-03-11,FrahestaYA,update bot wa
2025-03-11,FrahestaYA,edit
2025-03-11,FrahestaYA,edit bot wa
2025-03-11,FrahestaYA,edit bot wa
2025-03-11,FrahestaYA,edit bot wa
2025-03-11,FrahestaYA,edit bot wa
2025-03-11,FrahestaYA,edit bot wa
2025-03-11,FrahestaYA,edit bot wa
2025-03-10,FrahestaYA,edit bot wa
2025-03-10,FrahestaYA,edit bot wa
2025-03-10,FrahestaYA,edit bot wa
2025-03-10,FrahestaYA,update bot wa
2025-03-10,FrahestaYA,Update BotMessageController.php
2025-03-10,FrahestaYA,edit bot wa
2025-03-10,FrahestaYA,edit bot wa
2025-03-08,Dimascndraa,perubahan label
2025-03-08,Dimascndraa,icon avatar
2025-03-06,FrahestaYA,edit bot wa
2025-03-06,FrahestaYA,edit bot wa
2025-03-06,FrahestaYA,edit bot wa
2025-03-06,FrahestaYA,edit bot wa
2025-03-06,Adib Syahna,Merge branch 'main' of https://github.com/Rumah-Sakit-Livasya/liva_simrs_laravel11 into main
2025-03-06,Adib Syahna,daftar pasien IGD
2025-03-06,FrahestaYA,edit bot wa
2025-03-05,FrahestaYA,edit bot wa
2025-03-05,FrahestaYA,edit bot wa
2025-03-05,FrahestaYA,edit bot wa
2025-03-05,FrahestaYA,edit bot wa
2025-03-05,FrahestaYA,edit bot wa
2025-03-05,FrahestaYA,edit bot wa
2025-03-05,FrahestaYA,Update BotMessageController.php
2025-03-05,FrahestaYA,edit bot wa
2025-03-05,FrahestaYA,edit bot wa
2025-03-05,FrahestaYA,edit bot wa
2025-03-05,Fizardev,Merge branch 'main' of https://github.com/Rumah-Sakit-Livasya/liva_simrs_laravel11
2025-03-05,Fizardev,fix session simrs dan hr
2025-03-05,FrahestaYA,edit bot wa
2025-03-05,FrahestaYA,edit bot wa
2025-03-05,FrahestaYA,Update BotMessageController.php
2025-03-05,FrahestaYA,edit bot wa
2025-03-05,Fizardev,add log query
2025-03-05,Fizardev,add log query
2025-03-05,Fizardev,add log query
2025-03-05,Fizardev,add log query
2025-03-05,Fizardev,add log query
2025-03-05,Fizardev,fix sidebar menu
2025-03-05,Fizardev,tes menu
2025-03-05,Fizardev,tes menu
2025-03-05,Fizardev,menu tes
2025-03-04,FrahestaYA,edit bot wa
2025-03-04,FrahestaYA,edit bot wa
2025-03-04,FrahestaYA,edit bot wa
2025-03-04,FrahestaYA,edit bot wa
2025-03-04,FrahestaYA,edit bot wa
2025-03-04,FrahestaYA,edit bot wa
2025-03-04,FrahestaYA,edit bot wa
2025-03-04,FrahestaYA,edit bot wa
2025-03-04,FrahestaYA,edit bot wa
2025-03-04,FrahestaYA,edit bot wa
2025-03-04,Fizardev,on progres order lab
2025-03-04,Fizardev,fix error filter report attendances
2025-03-04,Fizardev,fix error filter report attendances
2025-03-04,Fizardev,fix error filter report attendances
2025-03-04,Fizardev,Merge branch 'rajal'
2025-03-04,Fizardev,fix error filter report attendances
2025-03-04,Fizardev,Merge branch 'main' of https://github.com/Rumah-Sakit-Livasya/liva_simrs_laravel11
2025-03-04,Fizardev,fix attendances report
2025-03-04,Fizardev,on progres patologi klinik
2025-03-04,Dimascndraa,Merge branch 'main' of https://github.com/Rumah-Sakit-Livasya/liva_simrs_laravel11
2025-03-04,Dimascndraa,kegiatan checklist harian
2025-03-04,Fizardev,merge rajal
2025-03-04,Fizardev,fix kabupaten
2025-03-03,FrahestaYA,edit bot wa
2025-03-03,Fizardev,checkpoint tindakan medis
2025-02-28,FrahestaYA,edit bot wa
2025-02-28,FrahestaYA,edit bot wa
2025-02-28,FrahestaYA,edit bot wa
2025-02-28,Dimascndraa,checklist harian category
2025-02-28,Fizardev,fix path sertifikat mfk kepustakaan
2025-02-28,Dimascndraa,branch 5r
2025-02-27,FrahestaYA,edit bot wa
2025-02-27,Fizardev,tambah date di pendaftarancontroler
2025-02-27,Fizardev,merge kasir
2025-02-27,Dimascndraa,modify kasir
2025-02-27,Fizardev,add modal tindakan medis rajal
2025-02-27,Fizardev,store cppt
2025-02-27,Fizardev,fix monitoring view overflow
2025-02-27,Fizardev,fix gaskeun
2025-02-27,Fizardev,fix attendance
2025-02-26,Fizardev,Merge branch 'main' of https://github.com/Rumah-Sakit-Livasya/liva_simrs_laravel11
2025-02-26,Fizardev,fix migration
2025-02-26,FrahestaYA,edit bot wa
2025-02-26,Fizardev,Merge branch 'kasir' of https://github.com/Rumah-Sakit-Livasya/liva_simrs_laravel11
2025-02-26,Fizardev,fix error tarif
2025-02-26,Fizardev,store cppt
2025-02-26,Dimascndraa,daerah
2025-02-26,Dimascndraa,Merge branch 'main' of https://github.com/Rumah-Sakit-Livasya/liva_simrs_laravel11 into kasir
2025-02-26,Dimascndraa,menu tagihan pasien
2025-02-25,Fizardev,fix folder survei
2025-02-25,Fizardev,fix error route transfer pasien antar ruangan
2025-02-25,Fizardev,Merge branch 'main' of https://github.com/Rumah-Sakit-Livasya/liva_simrs_laravel11
2025-02-25,Fizardev,merge rajal
2025-02-25,Fizardev,transfer pasien store
2025-02-25,unknown,edit bot wa
2025-02-25,unknown,edit bot whatsapp
2025-02-25,unknown,edit bot wa
2025-02-25,unknown,edit bot wa
2025-02-25,unknown,edit bot wa
2025-02-25,unknown,edit bot wa
2025-02-25,unknown,edit bot wa
2025-02-25,unknown,edit bot wa
2025-02-25,unknown,edit bot wa
2025-02-24,unknown,edit bot wa
2025-02-24,unknown,edit bot wa
2025-02-24,unknown,edit bot wa
2025-02-24,unknown,git pull
2025-02-24,unknown,edit bot wa
2025-02-24,Fizardev,buka toggle absensi settings
2025-02-24,Fizardev,fix text to speech
2025-02-24,Fizardev,edit bot
2025-02-24,Fizardev,edit bot
2025-02-24,Fizardev,edit wa bot
2025-02-24,Fizardev,store poliklinik pengkajian perawat
2025-02-24,Fizardev,merge main
2025-02-24,Fizardev,fix dayoff request list
2025-02-24,Fizardev,fix
2025-02-24,Fizardev,all requests fix
2025-02-24,Fizardev,fix wa bot info dayoff
2025-02-24,Fizardev,fix wa bot info dayoff
2025-02-22,Fizardev,get data reply
2025-02-22,Fizardev,get data reply
2025-02-22,Fizardev,get data reply
2025-02-22,Fizardev,get data reply
2025-02-22,Fizardev,get data reply
2025-02-22,Fizardev,get data reply
2025-02-22,Fizardev,get data reply
2025-02-22,Fizardev,get data reply
2025-02-22,Fizardev,get data reply
2025-02-22,Fizardev,get data reply
2025-02-22,Fizardev,get data reply
2025-02-22,Fizardev,get data reply
2025-02-22,Fizardev,get data reply
2025-02-22,Fizardev,get data reply
2025-02-22,Fizardev,get data reply
2025-02-22,Fizardev,get data reply
2025-02-22,Fizardev,get data reply
2025-02-22,Fizardev,get data reply
2025-02-22,Fizardev,get data reply
2025-02-22,Fizardev,get data reply
2025-02-22,Fizardev,get data reply
2025-02-22,Fizardev,get data reply
2025-02-22,Fizardev,test
2025-02-22,Fizardev,test
2025-02-22,Fizardev,test
2025-02-22,Fizardev,test
2025-02-22,Fizardev,dd bot message controller
2025-02-19,Fizardev,test bot wa
2025-02-19,Fizardev,test
2025-02-19,Fizardev,tes bot type string
2025-02-19,Fizardev,tes bot type string
2025-02-19,Fizardev,tes bot type string
2025-02-19,Fizardev,test
2025-02-18,Fizardev,fix
2025-02-18,Fizardev,on progres bot wa livasya
2025-02-18,Fizardev,on progres bot wa livasya
2025-02-18,Fizardev,text to speech controller
2025-02-18,Fizardev,push
2025-02-18,Fizardev,push
2025-02-18,Fizardev,push
2025-02-18,Fizardev,push
2025-02-18,Fizardev,push
2025-02-18,Fizardev,push
2025-02-18,Fizardev,add livasya mesage
2025-02-18,Fizardev,view height poliklinik 100vh
2025-02-18,Fizardev,bot message check point
2025-02-17,Fizardev,onprogres wa bot
2025-02-17,Fizardev,onprogres wa bot
2025-02-17,Fizardev,onprogres wa bot
2025-02-17,Fizardev,onprogres wa bot
2025-02-17,Fizardev,onprogres wa bot
2025-02-17,Fizardev,fix
2025-02-17,Fizardev,fix
2025-02-17,Fizardev,test wa bot
2025-02-17,Fizardev,test wa bot
2025-02-17,Fizardev,test wa bot
2025-02-17,Fizardev,test wa bot
2025-02-17,Fizardev,test wa bot
2025-02-17,Fizardev,test wa bot
2025-02-17,Fizardev,test bot message controller
2025-02-17,Fizardev,pemakaian alat fix view
2025-02-14,Fizardev,fix filter poli
2025-02-13,Fizardev,fix routes simrs.php
2025-02-13,Fizardev,fix monitoring absensi show
2025-02-13,Fizardev,fix merge error
2025-02-13,Fizardev,route bpjs
2025-02-13,Dimascndraa,view kasir donw
2025-02-12,Dimascndraa,menu kasir
2025-02-10,Fizardev,on progres poliklinik filter
2025-02-10,Fizardev,filter
2025-02-06,Fizardev,fix filter poliklinik
2025-02-06,Fizardev,fix laporan absen wa
2025-02-06,Dimascndraa,error api wilayah
2025-02-05,Fizardev,change ip wa sender
2025-02-05,Fizardev,change ip wa sender
2025-02-04,Fizardev,fix clockin absensi
2025-02-04,Fizardev,fix clockin absensi
2025-02-04,Fizardev,fix store group form penilaian
2025-02-04,Fizardev,fix store group form penilaian
2025-02-03,Fizardev,fix ttd pegawai
2025-02-03,Fizardev,fix ttd penilaian
2025-02-03,Fizardev,fix ttd penilaian
2025-02-03,Fizardev,fix ttd penilaian
2025-02-03,Fizardev,fix ttd penilaian
2025-02-03,Dimascndraa,attendance auditable
2025-02-03,Fizardev,fix periode monitoring
2025-02-03,Fizardev,fix periode monitoring
2025-02-01,Fizardev,fix deduction export
2025-02-01,Fizardev,fix filter slip gaji
2025-01-31,Fizardev,on progres penilaian
2025-01-31,Fizardev,fix message store penilaian
2025-01-31,Fizardev,fix message store penilaian
2025-01-30,Fizardev,fix wa
2025-01-30,Fizardev,KPI store done
2025-01-30,Fizardev,add filter monitoring daftar pengajuan
2025-01-28,Fizardev,add option to run payroll
2025-01-28,Fizardev,fix payroll employee active
2025-01-28,Fizardev,fix payroll employee active
2025-01-28,Fizardev,add option to run payroll
2025-01-28,Fizardev,add desember 2024 - january 2025 option
2025-01-25,Dimascndraa,Merge branch 'main' of https://github.com/Rumah-Sakit-Livasya/liva_simrs_laravel11 into diklat
2025-01-25,Fizardev,fix potongan keterlambatan
2025-01-25,Fizardev,test potongan telat
2025-01-25,Fizardev,fix payroll
2025-01-25,Fizardev,fix potongan keterlambatan
2025-01-22,Fizardev,fix cut kepustakaan
2025-01-22,Fizardev,fix cut kepustakaan
2025-01-21,Fizardev,Merge branch 'poliklinik'
2025-01-21,Fizardev,fix count cuti
2025-01-14,Dimascndraa,Merge branch 'main' of https://github.com/Rumah-Sakit-Livasya/liva_simrs_laravel11 into diklat
2025-01-14,Dimascndraa,fix verifikasi peserta
2025-01-14,Dimascndraa,fix verifikasi peserta
2025-01-14,Dimascndraa,menambahkan list peserta rapat
2025-01-14,Dimascndraa,menambahkan list peserta rapat
2025-01-14,Fizardev,on progres penilaian
2025-01-14,Fizardev,on progres penilaian
2025-01-14,Fizardev,on progres penilaian
2025-01-14,Fizardev,on progres penilaian
2025-01-14,Fizardev,fix bot absen wa
2025-01-13,Dimascndraa,Memperbaiki filter barang
2025-01-13,Dimascndraa,Memperbaiki filter barang
2025-01-13,Dimascndraa,Memperbaiki filter barang
2025-01-13,Dimascndraa,Memperbaiki filter barang
2025-01-13,Dimascndraa,Memperbaiki filter barang
2025-01-13,Dimascndraa,Memperbaiki filter barang
2025-01-13,Dimascndraa,Print & Export inventaris barang
2025-01-13,Dimascndraa,Print & Export inventaris barang
2025-01-09,Fizardev,on progres penilaian
2025-01-09,Fizardev,fix show penilaian
2025-01-08,Fizardev,checkpoint
2025-01-08,Fizardev,fix upload kepustakaan
2025-01-08,Dimascndraa,merge diklat
2025-01-08,Dimascndraa,Merge branch 'main' of https://github.com/Rumah-Sakit-Livasya/liva_simrs_laravel11 into diklat
2025-01-08,Dimascndraa,rapat
2025-01-07,Fizardev,fix kepustakaan
2025-01-07,Fizardev,fix kepustakaan
2025-01-07,Fizardev,fix rename file
2025-01-07,Fizardev,fix rename file
2025-01-07,Fizardev,fix rename file
2025-01-07,Fizardev,pindah file kepustakaan edit
2025-01-06,Fizardev,gas
2025-01-06,Fizardev,fix report controller
2025-01-06,Fizardev,fix report controller
2025-01-06,Fizardev,fix report controller
2025-01-06,Fizardev,fix report controller
2025-01-06,Fizardev,fix report controller
2025-01-06,Fizardev,fix report controller
2025-01-06,Fizardev,fix laporan absensi
2025-01-03,Fizardev,fix report controller
2025-01-03,Fizardev,fix laporan absen
2025-01-02,Dimascndraa,menambahkan periode tahun pada monitoring daftar absensi
2024-12-31,Fizardev,tindakan medis on progres
2024-12-31,Dimascndraa,inventaris barang
2024-12-31,Fizardev,fix settings absensi
2024-12-31,Fizardev,Merge branch 'main' into poliklinik
2024-12-31,Fizardev,fix bot wa report
2024-12-30,Fizardev,Merge branch 'main' into poliklinik
2024-12-30,Dimascndraa,dashboard
2024-12-30,Dimascndraa,dashboard
2024-12-30,Dimascndraa,dashboard
2024-12-30,Fizardev,fix report attendance day off
2024-12-30,Dimascndraa,dashboard
2024-12-30,Fizardev,fix report attendance day off
2024-12-30,Fizardev,fix report attendance day off
2024-12-30,Dimascndraa,dashboard
2024-12-30,Fizardev,fix nullable pengajuan absen
2024-12-30,Fizardev,last cehck
2024-12-28,Fizardev,fix absensi info message
2024-12-28,Fizardev,fix absensi info message
2024-12-27,Fizardev,fix attendance import
2024-12-27,Dimascndraa,diklat
2024-12-27,Dimascndraa,diklat
2024-12-27,Fizardev,fix attendance request
2024-12-27,Fizardev,attendance request store file lampiran
2024-12-27,Fizardev,download pengajuan
2024-12-27,Fizardev,download pengajuan
2024-12-27,Fizardev,fix lampiran
2024-12-27,Fizardev,fix pengajuan absen
2024-12-27,Fizardev,fix absensi
2024-12-27,Fizardev,fix pengajuan absen
2024-12-27,Fizardev,fix pengajuan
2024-12-27,Fizardev,fix pengajuan absen
2024-12-26,Dimascndraa,diklat
2024-12-26,Fizardev,waktu
2024-12-26,Fizardev,detik fix
2024-12-26,Dimascndraa,diklat
2024-12-26,Fizardev,Merge branch 'dev' of https://github.com/Rumah-Sakit-Livasya/liva_simrs_laravel11 into dev
2024-12-26,Fizardev,fix pengajuan absen
2024-12-26,Dimascndraa,diklat
2024-12-26,Dimascndraa,diklat
2024-12-26,Fizardev,fix absensi
2024-12-26,Fizardev,Merge branch 'poliklinik' into dev
2024-12-26,Fizardev,fix pengajuan absen
2024-12-26,Fizardev,pengajuan absensi
2024-12-26,Dimascndraa,Merge branch 'dev' of https://github.com/Rumah-Sakit-Livasya/liva_simrs_laravel11 into dev
2024-12-26,Dimascndraa,bot time schedule
2024-12-26,Fizardev,Merge branch 'dev' of https://github.com/Rumah-Sakit-Livasya/liva_simrs_laravel11 into dev
2024-12-26,Fizardev,fix pengajuan absen
2024-12-26,Dimascndraa,absen
2024-12-26,Fizardev,fix absensi & izin
2024-12-26,Fizardev,fix absen dan izin
2024-12-26,Fizardev,fix potongan absen izin
2024-12-26,Dimascndraa,absen
2024-12-26,Fizardev,fix potongan absen izin
2024-12-26,Fizardev,fix potongan izin dan alfa
2024-12-26,Fizardev,Merge branch 'dev' of https://github.com/Rumah-Sakit-Livasya/liva_simrs_laravel11 into dev
2024-12-26,Dimascndraa,Merge branch 'main' of https://github.com/Rumah-Sakit-Livasya/liva_simrs_laravel11 into dev
2024-12-26,Dimascndraa,update payroll
2024-12-24,Fizardev,checkpoint
2024-12-24,Dimascndraa,update
2024-12-24,Dimascndraa,update
2024-12-24,Dimascndraa,merge time-schedule
2024-12-24,Dimascndraa,time schedule
2024-12-21,Fizardev,fix management shift cancel cuti
2024-12-21,Fizardev,fix menu
2024-12-21,Fizardev,fix poliklinik
2024-12-19,Fizardev,info absen url aktif
2024-12-19,Fizardev,fix error absen lokasi
2024-12-19,Fizardev,pengajuan absen hanya bisa h+1 jam
2024-12-19,Fizardev,checkpoint poliklinik rekonsiliasi obat form
2024-12-19,Fizardev,poliklinik
2024-12-17,Fizardev,fix pengajuan absensi
2024-12-17,Fizardev,fix pengajuan absen
2024-12-17,Fizardev,fix pengajuan absen
2024-12-16,Fizardev,fix pengajuan absen
2024-12-16,fizardev,checkpoint pindah laptop
2024-12-13,fizardev,Merge branch 'dev' of https://github.com/Rumah-Sakit-Livasya/liva_simrs_laravel11 into dev
2024-12-13,fizardev,fix pengajuan absensi
2024-12-13,Dimascndraa,fix error store barang
2024-12-13,Dimascndraa,fix error store barang
2024-12-13,Dimascndraa,Merge branch 'main' of https://github.com/Rumah-Sakit-Livasya/liva_simrs_laravel11
2024-12-13,Dimascndraa,fix error store barang
2024-12-13,Dimascndra,Merge pull request #3 from Rumah-Sakit-Livasya/update-barang
2024-12-13,Dimascndra,Merge pull request #2 from Rumah-Sakit-Livasya:update-barang
2024-12-13,Dimascndraa,update barang dan penambahan kolom harga barang ke table barang
2024-12-12,fizardev,Merge branch 'dev' of https://github.com/Rumah-Sakit-Livasya/liva_simrs_laravel11 into dev
2024-12-12,fizardev,onprogres pengajuan
2024-12-11,Dimascndraa,"Updated backup configuration to include base path and added daily scheduled commands for backup clean and run"
2024-12-10,fizardev,Merge branch 'main' of https://github.com/Rumah-Sakit-Livasya/liva_simrs_laravel11
2024-12-10,fizardev,matikan bot wa
2024-12-10,fizardev,checkpoint
2024-12-06,fizardev,last commit
2024-12-06,Dimascndraa,Merge branch 'main' into dev
2024-12-06,Dimascndraa,gaskeun
2024-12-05,fizardev,merge main
2024-12-02,fizardev,fix attendance safari
2024-12-02,fizardev,fix notfy contract
2024-11-30,fizardev,fix attendance store photo dir
2024-11-30,fizardev,fix attendance store photo dir
2024-11-28,fizardev,fix laporan absensi filter
2024-11-28,fizardev,Merge branch 'main' of https://github.com/Rumah-Sakit-Livasya/liva_simrs_laravel11
2024-11-28,fizardev,fix laporan absensi filter
2024-11-26,fizardev,cek auto deploy
2024-11-26,fizardev,cek auto deploy
2024-11-26,fizardev,cek auto deploy
2024-11-26,fizardev,cek auto deploy
2024-11-26,fizardev,cek auto deploy
2024-11-26,Fizar Rama Waluyo,Merge pull request #1 from Rumah-Sakit-Livasya/dev
2024-11-26,fizardev,cek auto deploy
2024-11-26,fizardev,cek auto deploy
2024-11-26,fizardev,composer update
2024-11-26,Dimascndraa,new dev
2024-11-25,fizardev,fix absensi
2024-11-25,fizardev,fix absensi
2024-11-25,fizardev,fix absensi
2024-11-25,fizardev,fix absensi
2024-11-25,fizardev,fix absensi
2024-11-25,fizardev,fix absensi
2024-11-25,fizardev,Merge branch 'main' of https://github.com/Rumah-Sakit-Livasya/liva_simrs_laravel11
2024-11-25,fizardev,fix absensi
2024-11-22,Dimascndraa,menambahkan masterdata tarif layanan medis dan order tindakan medis di menu detail registrasi pasien
2024-11-22,Dimascndraa,Merge branch 'main' of https://github.com/Rumah-Sakit-Livasya/liva_simrs_laravel11
2024-11-22,fizardev,tambah pengajuan access
2024-11-22,fizardev,gas
2024-11-22,fizardev,profile pegawai
2024-11-22,fizardev,profile pegawai
2024-11-22,fizardev,fix waktu dashboard
2024-11-21,fizardev,fix export pegawai
2024-11-21,fizardev,fix export pegawai
2024-11-20,Dimascndraa,last commit
2024-11-18,fizardev,fix dayoff req
2024-11-18,fizardev,fix attendance request
2024-11-18,fizardev,fix attendance request
2024-11-18,fizardev,fix absensi harus kamera on
2024-11-18,fizardev,fix image absen
2024-11-18,fizardev,fix image absen
2024-11-18,fizardev,fix image absen
2024-11-18,fizardev,fix image absen
2024-11-18,fizardev,fix image absen
2024-11-18,fizardev,fix image absen
2024-11-14,fizardev,fix attendance pictures
2024-11-12,fizardev,monitoring show absensi
2024-11-12,fizardev,monitoring show absensi
2024-11-12,fizardev,monitoring show absensi
2024-11-12,fizardev,monitoring show absensi
2024-11-12,fizardev,monitoring show absensi
2024-11-12,fizardev,fix monitoring images absen
2024-11-09,fizardev,fix path clock in
2024-11-07,fizardev,tambah text red jika > tnggal 5 upload file
2024-11-07,fizardev,tambah text red jika > tnggal 5 upload file
2024-11-07,fizardev,tambah text red jika > tnggal 5 upload file
2024-11-07,fizardev,Merge branch 'main' of https://github.com/Rumah-Sakit-Livasya/liva_simrs_laravel11
2024-11-07,fizardev,memunculkan image survei
2024-11-07,Dimascndraa,Merge branch 'main' of https://github.com/Rumah-Sakit-Livasya/liva_simrs_laravel11
2024-11-07,Dimascndraa,schedulling backup
2024-11-07,fizardev,fix kepustakaan
2024-11-07,fizardev,fix kepustakaan
2024-11-07,fizardev,fix kepustakaan
2024-11-07,fizardev,fix kepustakaan
2024-11-07,fizardev,fix kepustakaan
2024-11-07,fizardev,fix kepustakaan
2024-11-07,fizardev,fix kepustakaan
2024-11-07,fizardev,merge new
2024-11-07,fizardev,fix kepustakaan
2024-11-07,Dimascndraa,menambahkan spatie laravel backup
2024-11-07,fizardev,fix kepustakaan
2024-11-05,fizardev,fix kepustakaan
2024-11-01,fizardev,fix export dan edit kebersihan kamar
2024-10-31,Dimascndraa,Merge branch 'main' of https://github.com/Rumah-Sakit-Livasya/liva_simrs_laravel11
2024-10-31,Dimascndraa,fix Update OKR
2024-10-29,fizardev,Merge branch 'main' of https://github.com/Rumah-Sakit-Livasya/liva_simrs_laravel11
2024-10-29,fizardev,fix crud and delete survei kebersihan kamar
2024-10-28,Dimascndraa,fix run payroll
2024-10-28,fizardev,fix pengajuan cuti
2024-10-28,fizardev,fix pengajuan cuti
2024-10-28,fizardev,fix add cuti
2024-10-28,fizardev,payroll delte
2024-10-28,fizardev,payroll delte
2024-10-28,fizardev,fix export absensi
2024-10-28,fizardev,fix edit run payroll
2024-10-26,fizardev,set limit time
2024-10-25,fizardev,Merge branch 'main' of https://github.com/Rumah-Sakit-Livasya/liva_simrs_laravel11
2024-10-23,fizardev,fix resume medis dokter
2024-10-23,Dimascndraa,Merge branch 'main' of https://github.com/Rumah-Sakit-Livasya/liva_simrs_laravel11
2024-10-23,Dimascndraa,impersonate user
2024-10-23,fizardev,resume medis on progres
2024-10-21,fizardev,Merge branch 'main' of https://github.com/Rumah-Sakit-Livasya/liva_simrs_laravel11
2024-10-21,fizardev,resume medis rajal start
2024-10-18,Dimascndraa,merger
2024-10-18,Dimascndraa,merge
2024-10-18,Dimascndraa,merger
2024-10-16,fizardev,Merge branch 'main' of https://github.com/Rumah-Sakit-Livasya/liva_simrs_laravel11
2024-10-16,fizardev,fix show list cppt
2024-10-16,Dimascndraa,salah penempatan spinner
2024-10-16,Dimascndraa,menambahkan spinner sebelum maps terload
2024-10-16,fizardev,fix conflict
2024-10-16,fizardev,add medical_record_number column to cppt table
2024-10-15,Dimascndraa,Merge branch 'main' of https://github.com/Rumah-Sakit-Livasya/liva_simrs_laravel11
2024-10-15,Dimascndraa,merge
2024-10-15,fizardev,on progres cppt table
2024-10-12,Dimascndraa,fix error
2024-10-12,Dimascndraa,Merge branch 'main' of https://github.com/Rumah-Sakit-Livasya/liva_simrs_laravel11
2024-10-12,Dimascndraa,fix error allRoom
2024-10-11,fizardev,cppt dokter rajal on progres
2024-10-11,fizardev,fix pengkajian dokter
2024-10-11,fizardev,fix pengkajian dokter
2024-10-09,fizardev,fix store pengkajian dokter rajal
2024-10-08,Fizardev,onprogres pengkajian dokter rajal
2024-10-08,Fizardev,fix cppt dan onprogras resume medis-rajal
2024-10-07,Fizardev,Merge branch 'main' of https://github.com/Rumah-Sakit-Livasya/liva_simrs_laravel11
2024-10-07,Fizardev,nambah form pengkajian dokter
2024-10-07,Dimascndraa,all role inventaris
2024-10-07,Dimascndraa,Merge branch 'main' of https://github.com/Rumah-Sakit-Livasya/liva_simrs_laravel11
2024-10-07,Dimascndraa,all role inventaris
2024-10-07,Dimascndraa,test
2024-10-07,Dimascndraa,test
2024-10-07,Dimascndraa,test
2024-10-07,Dimascndraa,test
2024-10-07,Dimascndraa,update api
2024-10-07,Dimascndraa,Merge branch 'main' of https://github.com/Rumah-Sakit-Livasya/liva_simrs_laravel11
2024-10-07,Dimascndraa,pengkajian nurse rajal done
2024-10-07,Fizardev,Merge branch 'main' of https://github.com/Rumah-Sakit-Livasya/liva_simrs_laravel11
2024-10-07,Fizardev,fix manajemen shift
2024-10-04,fizardev,absensi fix
2024-10-04,fizardev,auditable
2024-10-04,fizardev,auditable
2024-10-04,fizardev,auditable
2024-10-04,fizardev,auditable
2024-10-04,fizardev,fix assign permissions
2024-10-04,fizardev,fix assign permissions
2024-10-04,fizardev,test
2024-10-03,fizardev,fix kepustakaan
2024-10-03,fizardev,fix kepustakaan
2024-10-03,fizardev,fix kepustakaan
2024-10-03,fizardev,fix kepustakaan
2024-10-03,fizardev,fix kepustakaan
2024-10-02,fizardev,fix kepustakaan
2024-10-02,fizardev,fix kepustakaan
2024-10-02,fizardev,fix kepustakaan
2024-10-02,fizardev,fix kepustakaan
2024-10-02,fizardev,fix kepustakaan
2024-10-02,fizardev,fix kepustakaan
2024-10-02,fizardev,fix kepustakaan
2024-10-02,fizardev,fix kepustakaan
2024-10-02,fizardev,fix kepustakaan
2024-10-02,fizardev,fix kepustakaan
2024-10-02,fizardev,fix kepustakaan
2024-10-02,fizardev,fix kepustakaan
2024-10-02,fizardev,fix kepustakaan
2024-10-02,Dimascndraa,update OKR
2024-10-02,Dimascndraa,Merge branch 'main' of https://github.com/Rumah-Sakit-Livasya/liva_simrs_laravel11
2024-10-02,Dimascndraa,update OKR
2024-10-02,fizardev,fix kepustakaan
2024-10-02,fizardev,fix kepustakaan
2024-10-01,fizardev,on progres kepustakaan
2024-10-01,Dimascndraa,update fallback tambah data target
2024-10-01,Dimascndraa,update fallback tambah data target
2024-10-01,Dimascndraa,update fallback tambah data target
2024-10-01,Dimascndraa,upadate delete okt
2024-10-01,Dimascndraa,upadate delete okt
2024-09-30,Dimascndraa,Update edit hasil okr
2024-09-30,Dimascndraa,Update edit hasil okr
2024-09-30,Dimascndraa,Update edit hasil okr
2024-09-30,Dimascndraa,Update edit hasil okr
2024-09-30,Dimascndraa,Update edit okr
2024-09-30,Dimascndraa,update OKR
2024-09-30,Dimascndraa,Merge branch 'main' of https://github.com/Rumah-Sakit-Livasya/liva_simrs_laravel11
2024-09-30,Dimascndraa,update OKR
2024-09-30,fizardev,fix sidebar margin
2024-09-30,fizardev,fix biaya materai
2024-09-30,fizardev,fix biaya administrasi ranap
2024-09-28,fizardev,biaya administrasi rawat inap
2024-09-28,Dimascndraa,final okr fix banget
2024-09-27,Dimascndraa,final okr fix
2024-09-27,Dimascndraa,final okr fix
2024-09-27,Dimascndraa,Merge branch 'main' of https://github.com/Rumah-Sakit-Livasya/liva_simrs_laravel11
2024-09-27,Dimascndraa,final okr
2024-09-24,fizardev,on progres biaya administrasi
2024-09-24,fizardev,fix margin harga jual
2024-09-24,fizardev,start margin harga jual
2024-09-23,fizardev,jadwal dokter tambah fix
2024-09-23,fizardev,on progres tambah jadwal dokter
2024-09-23,fizardev,fix departement
2024-09-23,fizardev,menambah jadwal dokter tabel
2024-09-20,fizardev,fix export excel
2024-09-19,Dimascndraa,memperbaiki penddaftar registrasi ranap,  menambahkan hasil dan evaluasi pada menu okr
2024-09-17,Dimascndraa,update tambah template barang error
2024-09-17,Dimascndraa,update tambah template barang error
2024-09-17,Dimascndraa,update okr
2024-09-13,Dimascndraa,fix
2024-09-13,Dimascndraa,fix inventaris barang create barang di show rooms
2024-09-13,fizardev,fix attendance outsource
2024-09-11,fizardev,fix daftar pengajuan export excel
2024-09-09,fizardev,tarif registrasi layanan
2024-09-04,fizardev,crud departements
2024-09-03,fizardev,CRUD TINDAKAN OPERASI
2024-09-02,fizardev,crud daftar persalinan
2024-09-02,fizardev,fix pengajuan absen
2024-08-31,fizardev,fix image
2024-08-31,fizardev,fix foto
2024-08-31,fizardev,fix foto
2024-08-31,fizardev,main
2024-08-30,Dmscndraa,memperbaiki serach
2024-08-30,Dmscndraa,Merge branch 'main' of https://github.com/Rumah-Sakit-Livasya/liva_simrs_laravel11
2024-08-30,Dmscndraa,memperbaiki kode barang ketika barang dihapus
2024-08-30,fizardev,tes absen maps
2024-08-30,fizardev,CRUD Kategori Persalinan
2024-08-30,Dmscndraa,memperbaiki kode barang
2024-08-30,Dmscndraa,memperbaiki bug inventaris barang
2024-08-30,Dmscndraa,menambahkan statistik pada menu report
2024-08-30,Dmscndraa,memperbaiki error unique ketika update pada menu permission
2024-08-30,Dmscndraa,memperbaiki error unique ketika update pada menu permission
2024-08-30,Dmscndraa,memperbaiki error unique ketika update pada menu permission
2024-08-29,Dmscndraa,memperbaiki kategori
2024-08-29,Dmscndraa,menambahkan modul inventaris barang ke sistem
2024-08-29,Dmscndraa,menambahkan modul inventaris barang ke sistem
2024-08-29,fizardev,restore absensi index
2024-08-28,fizardev,fix absensi index
2024-08-28,fizardev,fix absensi index
2024-08-28,fizardev,fix absensi index
2024-08-28,fizardev,fix absensi index
2024-08-28,fizardev,fix absensi index
2024-08-28,fizardev,testing remmove async absen
2024-08-28,fizardev,testing remmove async absen
2024-08-28,fizardev,fix absensi index
2024-08-28,fizardev,fix absensi index
2024-08-28,fizardev,fix absensi index
2024-08-28,fizardev,tarif peralatan
2024-08-28,fizardev,peralatan
2024-08-27,fizardev,tarif parameter lab
2024-08-27,fizardev,fix laporan absensi
2024-08-27,fizardev,fix laporan absensi
2024-08-27,fizardev,fix bot message controller
2024-08-27,fizardev,pegawai is aktif payroll
2024-08-27,fizardev,payroll pegawai aktif
2024-08-27,fizardev,payroll pegawai aktif
2024-08-27,fizardev,fix pegawai index
2024-08-27,Dmscndraa,absen outsource fix
2024-08-27,Dmscndraa,fix absen
2024-08-26,fizardev,fix clockin
2024-08-26,fizardev,fix reminder contract
2024-08-23,fizardev,fix tarif parameter radiologi
2024-08-22,fizardev,fix migration nilai_parameter_lab
2024-08-22,fizardev,tambah form nilai parameter lab
2024-08-22,Dmscndraa,bug fix
2024-08-21,Dmscndraa,Merge branch 'main' of https://github.com/Rumah-Sakit-Livasya/liva_simrs_laravel11
2024-08-21,Dmscndraa,registrasi ranap dan sedikit bug fix
2024-08-21,fizardev,fix logo sidebar
2024-08-21,fizardev,fix logo sidebar
2024-08-21,fizardev,fix sidebar menu icon
2024-08-21,fizardev,fix sidebar menu icon
2024-08-21,fizardev,fix sidebar menu icon
2024-08-20,fizardev,fix expiry contract
2024-08-20,fizardev,fix expiry contract
2024-08-20,fizardev,fix expiry contract
2024-08-20,fizardev,fix expiry contract
2024-08-20,fizardev,fix expiry contract
2024-08-20,fizardev,fix expiry contract
2024-08-20,fizardev,fix expiry contract
2024-08-20,fizardev,fix expiry contract
2024-08-20,fizardev,gaskeun
2024-08-20,fizardev,gaskeun
2024-08-20,fizardev,gaskeun
2024-08-20,fizardev,gaskeun
2024-08-20,fizardev,fix path laboratorium model controller
2024-08-20,Dmscndraa,Merge branch 'main' of https://github.com/Rumah-Sakit-Livasya/liva_simrs_laravel11
2024-08-20,Dmscndraa,menambahkan modul kelas rawat
2024-08-20,fizardev,tambah parameter lab
2024-08-19,fizardev,fix perbedaan menit late in
2024-08-19,fizardev,test attendance
2024-08-14,fizardev,fix kategori dan tipe lab
2024-08-13,fizardev,fix laporan absensi
2024-08-13,fizardev,fix laporan absensi
2024-08-13,fizardev,fix crud grup parameter lab
2024-08-13,fizardev,fix migrations
2024-08-13,Dmscndraa,update
2024-08-13,Dmscndraa,detail absensi all
2024-08-13,fizardev,fix radiologi
2024-08-12,fizardev,attendance outsource all
2024-08-12,fizardev,fix notify contract expire
2024-08-12,fizardev,fix header on mobile screen
2024-08-12,fizardev,fix header on mobile screen
2024-08-12,fizardev,fix header on mobile screen
2024-08-12,Dmscndraa,update
2024-08-12,Dmscndraa,Merge branch 'main' of https://github.com/Rumah-Sakit-Livasya/liva_simrs_laravel11
2024-08-12,Dmscndraa,update
2024-08-12,Dmscndraa,update
2024-08-12,fizardev,fix send reminder
2024-08-12,Dmscndraa,update
2024-08-12,Dmscndraa,update
2024-08-12,Dmscndraa,Merge branch 'main' of https://github.com/Rumah-Sakit-Livasya/liva_simrs_laravel11
2024-08-12,Dmscndraa,update
2024-08-12,fizardev,add notif habis kontrak
2024-08-09,fizardev,fix master data layanan medis
2024-08-12,fizardev,fix merge
2024-08-12,Dmscndraa,update
2024-08-12,fizardev,fix parameter radiologi
2024-08-09,Dmscndraa,menambahkan registrasi UGD dan ODC
2024-08-09,fizardev,parameter radiologi on progres
2024-08-09,fizardev,kategori radiologi crud
2024-08-09,fizardev,grup parameter radiologi
2024-08-09,fizardev,fix master data layanan medis
2024-08-08,Dmscndraa,melengkapi fitur di menu detail registrasi pasien
2024-08-08,Dmscndraa,melengkapi fitur di menu detail registrasi pasien
2024-08-08,Dmscndraa,melengkapi fitur di menu detail registrasi pasien
2024-08-07,fizardev,fix menu add and update
2024-08-07,fizardev,gaskeun
2024-08-07,fizardev,fix dashboard smart hr
2024-08-07,fizardev,fix route simrs
2024-08-07,Dmscndraa,Merge branch 'main' of https://github.com/Rumah-Sakit-Livasya/liva_simrs_laravel11
2024-08-07,Dmscndraa,Tampilan Batal Regis dan Tutup Kunjungan Form
2024-08-07,fizardev,fix routes web
2024-08-07,fizardev,fix login
2024-08-07,fizardev,fix login
2024-08-07,fizardev,fix login
2024-08-07,fizardev,fix login
2024-08-07,fizardev,fix login
2024-08-07,fizardev,fix login
2024-08-07,fizardev,fix login
2024-08-07,fizardev,fix login
2024-08-07,fizardev,fix judul
2024-08-07,fizardev,fix halaman login
2024-08-07,Dmscndraa,detail registrasi
2024-08-07,Dmscndraa,Merge branch 'main' of https://github.com/Rumah-Sakit-Livasya/liva_simrs_laravel11
2024-08-07,Dmscndraa,detail registrasi
2024-08-06,fizardev,tipe web create menu
2024-08-06,fizardev,fix sidebar
2024-08-06,fizardev,fix sidebar
2024-08-06,fizardev,fix z-index page header
2024-08-06,fizardev,web choice
2024-08-06,fizardev,fix table type to menus
2024-08-06,fizardev,menambah migrasi type ke menus table
2024-08-06,fizardev,fix sidebar active menu
2024-08-06,Dmscndraa,yu bisa yu simrs
2024-08-05,fizardev,fix bug detail absensi di monitoring page
2024-08-05,fizardev,fix bug detail absensi di monitoring page
2024-08-05,fizardev,menambahkan detail absensi di monitoring page
2024-08-05,fizardev,fix attendance clock in
2024-08-05,fizardev,fix attendance
2024-08-02,fizardev,fix payroll
2024-08-02,fizardev,fix payroll
2024-08-01,fizardev,test
2024-08-01,Dmscndraa,update data deduction
2024-08-01,Dmscndraa,update data deduction
2024-08-01,Dmscndraa,update data deduction
2024-08-01,Dmscndraa,update data deduction
2024-08-01,Dmscndraa,update data deduction
2024-08-01,Dmscndraa,update data deduction
2024-08-01,Dmscndraa,update data deduction
2024-08-01,Dmscndraa,update master data deduction
2024-08-01,Dmscndraa,Merge branch 'main' of https://github.com/Rumah-Sakit-Livasya/liva_simrs_laravel11
2024-08-01,Dmscndraa,update
2024-08-01,fizardev,modal absensi posisi di atas
2024-08-01,fizardev,penambahan alfa di payroll
2024-07-31,fizardev,fix show detail absensi on absensi page
2024-07-31,fizardev,fix attendance
2024-07-31,fizardev,fix attendance foto
2024-07-31,fizardev,fix attendance foto absen
2024-07-31,fizardev,fix attendance foto absen
2024-07-31,fizardev,fix attendances outsource
2024-07-31,fizardev,tes attendance outsource
2024-07-31,fizardev,fix attendance outsource
2024-07-31,fizardev,fix import deductions payroll
2024-07-30,fizardev,checkpoint potongan import
2024-07-30,fizardev,on bot WA
2024-07-30,fizardev,fix absensi
2024-07-29,fizardev,fix
2024-07-29,fizardev,penambahan tambah cuti/izin/sakit di run payroll
2024-07-28,Dmscndraa,Menonaktifkan Absensi Face
2024-07-28,Dmscndraa,TestBackCommit
2024-07-28,Dmscndraa,TestBackCommit
2024-07-28,Dmscndraa,TestBackCommit
2024-07-28,Dmscndraa,Revert "fix kpi"
2024-07-28,Dmscndraa,Revert "fix attendance"
2024-07-27,fizardev,gaskeun
2024-07-27,fizardev,gaskeun
2024-07-27,fizardev,gaskeun
2024-07-27,fizardev,gaskeun
2024-07-26,fizardev,fix attendance
2024-07-26,fizardev,fix attendance
2024-07-26,fizardev,fix attendance
2024-07-26,fizardev,fix attendance
2024-07-26,fizardev,fix attendance
2024-07-26,fizardev,fix attendance
2024-07-26,fizardev,merge facerecognition
2024-07-26,fizardev,fix attendance
2024-07-25,fizardev,fix store upload kepegawaian
2024-07-25,fizardev,penambahan upload files tabel
2024-07-24,fizardev,fix attendance
2024-07-24,fizardev,tambah koiom foto ke attendances
2024-07-24,fizardev,tambah js clockin clockout action
2024-07-24,fizardev,fix camera mirror
2024-07-24,fizardev,fix kpi
2024-07-24,fizardev,fix edit kpi
2024-07-23,fizardev,penilaian edit fix
2024-07-23,fizardev,fix profile pegawai
2024-07-24,fizardev,fix kpi
2024-07-23,Dmscndraa,menambahkan detail pegawai
2024-07-23,fizardev,test
2024-07-23,Dmscndraa,menampilkan data pegawai
2024-07-23,Dmscndraa,menampilkan data pegawai
2024-07-23,Dmscndraa,menampilkan data pegawai
2024-07-23,Dmscndraa,Merge branch 'main' of https://github.com/Rumah-Sakit-Livasya/liva_simrs_laravel11
2024-07-23,Dmscndraa,menampilkan data pegawai
2024-07-23,fizardev,fix dashboard modal image
2024-07-23,fizardev,fix dashboard modal image
2024-07-23,fizardev,fix pengajuan error handling
2024-07-23,fizardev,fix attendance import
2024-07-23,fizardev,fix left content profile
2024-07-23,fizardev,fix profile update
2024-07-23,fizardev,fix profile pegawai index
2024-07-20,fizardev,install face api.js
2024-07-23,fizardev,fix update profile
2024-07-23,fizardev,fix face recognition
2024-07-22,fizardev,face no modals
2024-07-20,Dmscndraa,Merge branch 'main' of https://github.com/Rumah-Sakit-Livasya/liva_simrs_laravel11
2024-07-20,Dmscndraa,fix bug menu
2024-07-20,fizardev,install face api.js
2024-07-20,fizardev,grafik absensi per unit on progres
2024-07-20,fizardev,fix grafik per unit
2024-07-19,Dmscndraa,Merge branch 'main' of https://github.com/Rumah-Sakit-Livasya/liva_simrs_laravel11
2024-07-19,Dmscndraa,update OKR
2024-07-19,fizardev,tambah laporan grafik per unit
2024-07-19,fizardev,tambah laporan grafik per unit
2024-07-19,fizardev,fix attendance outsourcve
2024-07-19,dimascndraa,edit OKR
2024-07-19,dimascndraa,Merge branch 'main' of https://github.com/Rumah-Sakit-Livasya/liva_simrs_laravel11
2024-07-19,dimascndraa,Merge branch 'main' of https://github.com/Rumah-Sakit-Livasya/liva_simrs_laravel11
2024-07-19,fizardev,fix attendance, dan management shift
2024-07-19,dimascndraa,Menambahkan Modul OKR
2024-07-19,fizardev,dd managament shift
2024-07-19,fizardev,dd managament shift
2024-07-19,fizardev,jul 19 commit
2024-07-18,fizardev,fix selected filter bulan absensi
2024-07-18,fizardev,fix edit attendance
2024-07-18,fizardev,fix edit attendance
2024-07-18,fizardev,fix keterlambatan minus
2024-07-18,fizardev,tambah middleware bot
2024-07-18,fizardev,tambah nullable ke file kolom
2024-07-18,fizardev,fix attendances
2024-07-18,fizardev,report onprogres
2024-07-18,fizardev,report onprogres
2024-07-18,fizardev,report onprogres
2024-07-18,fizardev,report onprogres
2024-07-18,fizardev,report on progres
2024-07-18,Dimascndraa,Merge branch 'main' of https://github.com/Rumah-Sakit-Livasya/liva_simrs_laravel11 into main
2024-07-18,Dimascndraa,add dompdf on server
2024-07-18,fizardev,fix laporan
2024-07-17,fizardev,fix gambar
2024-07-17,fizardev,fix kpi show
2024-07-17,fizardev,tampilkan pegawai yng aktif saja
2024-07-17,fizardev,error page kpi
2024-07-17,fizardev,fix edit absensi
2024-07-16,fizardev,fix profile modal foto
2024-07-16,fizardev,fix update profile
2024-07-16,fizardev,add export import
2024-07-16,fizardev,fix message send pengajuan
2024-07-16,fizardev,fix message send pengajuan
2024-07-16,fizardev,fix message send pengajuan
2024-07-15,fizardev,assign permissions user fix
2024-07-15,fizardev,assign permissions user on progres
2024-07-14,fizardev,fix error
2024-07-14,fizardev,fix sidebar
2024-07-14,fizardev,fix absensi group permissions
2024-07-14,fizardev,fix update akses role user
2024-07-12,fizardev,fix employee code null on store data
2024-07-12,fizardev,fix monitoring outsource add absensi
2024-07-12,fizardev,on progres fix all pages
2024-07-09,fizardev,menambahkan role superadmin middleware
2024-07-04,fizardev,add menust table seeder
2024-07-04,fizardev,add menust table seeder
2024-07-04,Dimascndraa,first production
2024-07-04,fizardev,check poin 4 Juli 2024
2024-07-03,fizardev,user akses on progres
2024-07-03,fizardev,start roles permissions
2024-07-03,fizardev,migrasi laravel 10 ke laravel 11
2024-07-03,fizardev,migrate from laravel 10